Conventions,G,BADC-CSV,1,,,,,,,,,,,,
title,G,Global mean sea level change due to thermal expansion for CMIP6 models and observations relative to the baseline period (1850-1900),,,,,,,,,,,,,
creator,G,Krishna AchutaRao (akrishna@cas.iitd.ac.in),,,,,,,,,,,,,
creator,G,Elizaveta Malinina (elizaveta.malinina-rieger@ec.gc.ca),,,,,,,,,,,,,
activity,G,IPCC AR6,,,,,,,,,,,,,
feature_type,G,Global Mean Time Series,,,,,,,,,,,,,
comments,G,"Data is for the black, brown, grey, blue and green lines and shadings in Figure 3.29 in the IPCC Working Group I Contribution to the Sixth Assessment Report: Chapter 3",,,,,,,,,,,,,
comments,G,Global Mean Sea Level Anomalies (GMSLA) is computed from CMIP6 simulations and observations,,,,,,,,,,,,,
comments,G,years 1850-2018,,,,,,,,,,,,,
fill_value,G,1.00E+20,,,,,,,,,,,,,
last_revised_date,G,2020-07-21,,,,,,,,,,,,,
coordinate_variable,1,Year,Year,,,,,,,,,,,,
comments,1,It is monthly data provided as the fraction of a year,,,,,,,,,,,,,
long_name,1,Year,Year,,,,,,,,,,,,
type,1,float,,,,,,,,,,,,,
long_name,2,gmsla_brown_line_historical_mean,mm,,,,,,,,,,,,
comments,2,Global Mean Sea Level Anomalies (GMSLA) mean is computed from CMIP6 simulations with anthropogenic and natural forcings (historical),,,,,,,,,,,,,
type,2,float,,,,,,,,,,,,,
long_name,3,gmsla_brown_shading_top_historical_95_perc,mm,,,,,,,,,,,,
comments,3,Global Mean Sea Level Anomalies (GMSLA) 95 percentile is computed from CMIP6 simulations with anthropogenic and natural forcings (historical),,,,,,,,,,,,,
type,3,float,,,,,,,,,,,,,
long_name,4,gmsla_brown_shading_bottom_hsitorical_5_perc,mm,,,,,,,,,,,,
comments,4,Global Mean Sea Level Anomalies (GMSLA) 5 percentile is computed from CMIP6 simulations with anthropogenic and natural forcings (historical),,,,,,,,,,,,,
type,4,float,,,,,,,,,,,,,
long_name,5,gmsla_grey_line_hist_GHG_mean,mm,,,,,,,,,,,,
comments,5,Global Mean Sea Level Anomalies (GMSLA) mean is computed from CMIP6 simulations with anthropogenic greenhouse gases forcings (hist-GHG),,,,,,,,,,,,,
type,5,float,,,,,,,,,,,,,
long_name,6,gmsla_grey_shading_top_hist_GHG_95_perc,mm,,,,,,,,,,,,
comments,6,Global Mean Sea Level Anomalies (GMSLA) 95 percentile is computed from CMIP6 simulations with anthropogenic greenhouse gases forcings (hist-GHG),,,,,,,,,,,,,
type,6,float,,,,,,,,,,,,,
long_name,7,gmsla_grey_shading_bottom_hist_GHG_5_perc,mm,,,,,,,,,,,,
comments,7,Global Mean Sea Level Anomalies (GMSLA) 5 percentile is computed from CMIP6 simulations with anthropogenic greenhouse gases forcings (hist-GHG),,,,,,,,,,,,,
type,7,float,,,,,,,,,,,,,
long_name,8,gmsla_blue_line_hist_aer_mean,mm,,,,,,,,,,,,
comments,8,Global Mean Sea Level Anomalies (GMSLA) mean is computed from CMIP6 simulations with anthropogenic aerosol forcings (hist-aer),,,,,,,,,,,,,
type,8,float,,,,,,,,,,,,,
long_name,9,gmsla_blue_shading_top_hist_aer_95_perc,mm,,,,,,,,,,,,
comments,9,Global Mean Sea Level Anomalies (GMSLA) 95 percentile  is computed from CMIP6 simulations with anthropogenic aerosol forcings (hist-aer),,,,,,,,,,,,,
type,9,float,,,,,,,,,,,,,
long_name,10,gmsla_blue_shading_bottom_hist_aer_5_perc,mm,,,,,,,,,,,,
comments,10,Global Mean Sea Level Anomalies (GMSLA) 5 percentile  is computed from CMIP6 simulations with anthropogenic aerosol forcings (hist-aer),,,,,,,,,,,,,
type,10,float,,,,,,,,,,,,,
long_name,11,gmsla_green_line_hist_nat_mean,mm,,,,,,,,,,,,
comments,11,Global Mean Sea Level Anomalies (GMSLA) mean is computed from CMIP6 simulations with natural forcings only (hist-nat),,,,,,,,,,,,,
type,11,float,,,,,,,,,,,,,
long_name,12,gmsla_green_shading_top_hist_nat_95_perc,mm,,,,,,,,,,,,
comments,12,Global Mean Sea Level Anomalies (GMSLA) 95 percentile is computed from CMIP6 simulations with natural forcings only (hist-nat),,,,,,,,,,,,,
type,12,float,,,,,,,,,,,,,
long_name,13,gmsla_green_shading_bottom_hist_nat_5_perc,mm,,,,,,,,,,,,
comments,13,Global Mean Sea Level Anomalies (GMSLA) 5 percentile is computed from CMIP6 simulations with natural forcings only (hist-nat),,,,,,,,,,,,,
type,13,float,,,,,,,,,,,,,
long_name,14,gmsla_black_line_obs_mean,mm,,,,,,,,,,,,
comments,14,Global Mean Sea Level Anomalies (GMSLA) mean is computed from observations from Section 2.3.3.1 of the AR6 WGI,,,,,,,,,,,,,
type,14,float,,,,,,,,,,,,,
long_name,15,gmsla_black_shading_top_obs_95_perc,mm,,,,,,,,,,,,
comments,15,Global Mean Sea Level Anomalies (GMSLA) 95 percentile is computed from observations from Section 2.3.3.1 of the AR6 WGI,,,,,,,,,,,,,
type,15,float,,,,,,,,,,,,,
long_name,16,gmsla_black_shading_bottom_obs_5_perc,mm,,,,,,,,,,,,
comments,16,Global Mean Sea Level Anomalies (GMSLA) 5 percentile  is computed from Section 2.3.3.1 of the AR6 WGI,,,,,,,,,,,,,
type,16,float,,,,,,,,,,,,,
data,,,,,,,,,,,,,,,
1,2,3,4,5,6,7,8,9,10,11,12,13,14,15,16
1850,-0.231513,3.425635,-3.613377,-1.680789,2.162915,-4.672402,1.721381,6.016746,-1.888147,0.640026,3.766267,-2.319572,1.00E+20,1.00E+20,1.00E+20
1851,0.010398,3.400485,-3.460268,-1.70798,2.333473,-5.035868,1.598978,5.96621,-2.224738,0.717724,4.313904,-2.453093,1.00E+20,1.00E+20,1.00E+20
1852,0.07155,3.505329,-3.40833,-1.655365,1.142856,-4.458432,1.428926,6.050665,-3.488333,0.469553,4.14399,-3.681715,1.00E+20,1.00E+20,1.00E+20
1853,0.025817,3.628027,-3.025013,-1.911395,0.901202,-5.571341,1.273478,5.809149,-4.153848,0.427122,3.242644,-2.415267,1.00E+20,1.00E+20,1.00E+20
1854,0.16261,3.692449,-3.030818,-1.536015,1.361995,-4.884807,1.372284,5.443224,-2.530622,0.656535,3.770212,-2.276206,1.00E+20,1.00E+20,1.00E+20
1855,0.166742,3.113952,-2.66647,-1.288024,2.465095,-4.295561,1.309074,5.100669,-2.989486,0.810073,4.103115,-1.921488,1.00E+20,1.00E+20,1.00E+20
1856,0.165714,3.017414,-2.454431,-1.306282,1.873641,-3.881783,1.193738,4.050144,-2.882316,0.730643,3.802237,-1.988522,1.00E+20,1.00E+20,1.00E+20
1857,0.284359,3.528262,-3.147289,-1.517094,2.196305,-4.861037,1.378163,4.373978,-2.197463,1.026347,3.90587,-2.638256,1.00E+20,1.00E+20,1.00E+20
1858,0.353096,4.188774,-4.028045,-1.485655,1.293118,-4.171459,1.355733,3.918169,-1.294374,0.88244,3.994787,-1.872322,1.00E+20,1.00E+20,1.00E+20
1859,0.62694,3.827379,-2.915634,-1.624042,0.59237,-3.493296,1.227961,3.92533,-2.218306,1.119475,3.984647,-1.539301,1.00E+20,1.00E+20,1.00E+20
1860,0.749853,4.202868,-1.569153,-1.630961,0.727881,-4.793382,1.319557,4.078322,-1.599024,1.424678,3.746034,-0.960481,1.00E+20,1.00E+20,1.00E+20
1861,0.489072,3.47838,-1.749796,-1.683894,0.770504,-3.603799,1.188921,4.088183,-1.379326,0.866978,3.029509,-2.578396,1.00E+20,1.00E+20,1.00E+20
1862,-0.562348,2.303355,-3.709092,-1.541428,0.780252,-3.83326,1.036653,3.857194,-1.23087,0.061969,2.447976,-3.202687,1.00E+20,1.00E+20,1.00E+20
1863,-0.587206,2.020448,-3.995167,-1.223111,1.319328,-4.272768,0.861758,3.325653,-1.966563,0.070073,2.634461,-2.79145,1.00E+20,1.00E+20,1.00E+20
1864,-0.371018,2.062608,-3.386779,-1.293609,1.984997,-4.946559,0.652329,3.835619,-3.000318,0.202376,2.58195,-2.90373,1.00E+20,1.00E+20,1.00E+20
1865,-0.124322,2.151278,-2.481061,-1.504099,0.94303,-5.388502,0.894199,3.070241,-1.68213,0.441339,2.543622,-2.773919,1.00E+20,1.00E+20,1.00E+20
1866,-0.021276,2.40787,-2.26784,-1.447557,1.104303,-4.25797,0.947203,3.213398,-1.363808,0.390307,2.503741,-2.212692,1.00E+20,1.00E+20,1.00E+20
1867,0.110716,2.10095,-2.331391,-1.114884,0.98035,-3.461183,0.782999,3.078227,-1.541115,0.317986,1.845781,-3.731893,1.00E+20,1.00E+20,1.00E+20
1868,0.384816,2.330371,-1.641467,-0.97365,0.552346,-3.826433,0.707247,2.9185,-1.427767,0.380599,1.790983,-2.183501,1.00E+20,1.00E+20,1.00E+20
1869,0.496951,2.662645,-1.434095,-0.968608,1.397372,-5.29707,0.712262,3.08582,-1.030231,0.504977,2.745501,-3.654156,1.00E+20,1.00E+20,1.00E+20
1870,0.620664,2.785538,-1.506755,-1.214907,0.671292,-4.186812,0.946941,2.932877,-1.485537,0.59839,3.227665,-2.365793,1.00E+20,1.00E+20,1.00E+20
1871,0.836605,2.778277,-1.291106,-1.08144,0.704505,-3.81704,0.71339,2.936111,-1.531837,1.032206,3.370093,-1.469709,1.00E+20,1.00E+20,1.00E+20
1872,0.846121,2.931173,-1.301305,-0.955861,1.149817,-4.061388,0.603841,2.818118,-1.278446,1.270975,2.781645,-1.858817,1.00E+20,1.00E+20,1.00E+20
1873,0.778281,2.802109,-1.430684,-0.862447,0.846832,-2.971272,0.442731,2.362178,-2.098041,1.154564,3.080528,-3.017955,1.00E+20,1.00E+20,1.00E+20
1874,0.850458,2.677888,-1.874016,-0.771897,1.058312,-3.999695,0.48573,2.151099,-2.313794,1.115579,3.417244,-0.908772,1.00E+20,1.00E+20,1.00E+20
1875,0.96789,2.666877,-1.729118,-0.435695,1.395911,-2.928463,0.329496,2.108373,-2.86091,1.103343,2.777037,-1.145594,1.00E+20,1.00E+20,1.00E+20
1876,1.177345,3.558544,-1.535571,-0.43038,1.536822,-2.978609,0.086205,1.891315,-1.852851,1.106887,2.859545,-1.391217,1.00E+20,1.00E+20,1.00E+20
1877,1.413869,3.916065,-0.958787,-0.24173,1.985991,-2.303871,-0.336687,1.634938,-2.891383,1.296202,3.092007,-0.987084,1.00E+20,1.00E+20,1.00E+20
1878,1.342753,3.327266,-1.22556,-0.086665,1.956876,-2.06288,-0.517752,1.649863,-2.625295,1.146404,3.142627,-1.456021,1.00E+20,1.00E+20,1.00E+20
1879,1.299652,3.367238,-1.618666,0.032504,1.926677,-2.293947,-0.48042,2.038632,-3.259801,1.107855,3.175647,-2.01893,1.00E+20,1.00E+20,1.00E+20
1880,1.339931,3.704267,-0.860973,0.166677,1.749164,-1.838316,-0.383067,1.850364,-2.774446,1.182249,3.48394,-0.707394,1.00E+20,1.00E+20,1.00E+20
1881,1.350574,3.238135,-1.039345,-0.040827,1.719595,-3.225128,-0.124102,1.989013,-2.681239,1.30475,3.53755,-1.870306,1.00E+20,1.00E+20,1.00E+20
1882,1.481561,3.35277,-1.068749,0.078968,1.875003,-3.028933,-0.27306,1.984943,-3.444543,1.328541,3.377104,-0.564991,1.00E+20,1.00E+20,1.00E+20
1883,1.227249,3.318733,-1.145973,0.386432,2.523801,-1.765643,-0.532785,1.401836,-2.813699,0.839467,3.802396,-1.97836,1.00E+20,1.00E+20,1.00E+20
1884,-2.128251,0.392812,-4.558428,0.87121,3.054114,-0.938532,-0.721542,1.111342,-3.667212,-2.268788,1.455127,-6.192734,1.00E+20,1.00E+20,1.00E+20
1885,-3.101488,-0.012667,-5.921516,0.962246,3.412295,-1.596342,-0.863795,1.426912,-4.111968,-3.065358,1.493614,-5.884192,1.00E+20,1.00E+20,1.00E+20
1886,-2.637784,0.466037,-5.635316,1.041128,3.896482,-3.16161,-0.84124,1.814953,-4.002504,-2.808421,2.346124,-5.665007,1.00E+20,1.00E+20,1.00E+20
1887,-2.306989,0.673737,-4.775592,1.296058,4.706856,-2.374277,-0.654594,2.298628,-4.257678,-2.69072,2.381148,-6.167549,1.00E+20,1.00E+20,1.00E+20
1888,-1.89927,0.868735,-4.694065,1.423231,3.78418,-1.546719,-0.811039,1.756482,-3.732573,-2.254133,0.764194,-4.80254,1.00E+20,1.00E+20,1.00E+20
1889,-1.641926,0.6488,-4.038211,1.631776,4.764142,-1.390446,-0.866188,1.974303,-3.956961,-1.979451,1.348699,-4.360956,1.00E+20,1.00E+20,1.00E+20
1890,-1.235059,1.237873,-3.67037,1.655986,4.409428,-1.010715,-0.932811,1.919527,-3.542942,-1.816626,1.776324,-4.592568,1.00E+20,1.00E+20,1.00E+20
1891,-1.374498,1.193658,-4.198365,1.731815,4.341076,-1.073626,-0.950124,2.012171,-4.535921,-2.037848,2.260368,-4.79796,1.00E+20,1.00E+20,1.00E+20
1892,-1.341883,1.091066,-3.678353,2.003916,4.806223,-1.263908,-1.313509,1.706851,-4.877632,-1.943166,1.465535,-4.97579,1.00E+20,1.00E+20,1.00E+20
1893,-0.933624,1.724392,-3.951557,2.440806,5.141965,-0.660577,-1.375532,1.404201,-4.914661,-1.70683,1.841342,-4.632523,1.00E+20,1.00E+20,1.00E+20
1894,-0.602135,2.047323,-3.700927,2.572335,6.083391,-0.532251,-1.462064,1.580666,-4.799134,-1.497228,1.511392,-4.39978,1.00E+20,1.00E+20,1.00E+20
1895,-0.180709,2.420291,-3.13067,2.670914,5.210418,-0.203946,-1.775006,0.796388,-5.680354,-1.092075,2.003971,-4.607889,1.00E+20,1.00E+20,1.00E+20
1896,0.091176,2.91319,-2.918919,2.390376,5.055538,-2.200893,-1.934667,1.33428,-5.284012,-0.776226,1.945486,-3.82914,1.00E+20,1.00E+20,1.00E+20
1897,0.260383,3.444297,-2.761388,2.605653,5.45407,-3.847969,-2.092158,1.107582,-6.113105,-0.725651,1.851458,-3.35689,1.00E+20,1.00E+20,1.00E+20
1898,0.345163,3.601559,-3.100989,3.040837,5.52302,-2.341067,-2.260967,0.878429,-6.747781,-0.581812,2.546593,-4.037865,1.00E+20,1.00E+20,1.00E+20
1899,0.363945,3.700347,-3.561023,3.083255,5.782266,-1.56773,-2.492071,0.902065,-6.816001,-0.236847,2.865672,-3.805299,1.00E+20,1.00E+20,1.00E+20
1900,0.589045,3.939887,-3.598456,3.130169,6.036175,-2.542827,-2.575997,1.308124,-6.938175,-0.247455,3.376455,-3.709139,1.00E+20,1.00E+20,1.00E+20
1901,0.771728,4.205745,-4.07797,3.52085,6.690282,-1.256685,-2.824844,0.700302,-7.766492,-0.269573,3.403061,-3.987622,1.00E+20,1.00E+20,1.00E+20
1902,0.565887,4.341713,-4.40542,3.519697,7.298121,-1.29819,-2.930363,1.652124,-8.329297,-0.308034,2.881798,-3.714981,1.00E+20,1.00E+20,1.00E+20
1903,-0.756208,3.064075,-6.270435,3.641023,7.196571,-0.333475,-2.929038,2.146641,-8.418339,-1.55009,1.906433,-4.374804,1.00E+20,1.00E+20,1.00E+20
1904,-1.20831,3.269532,-5.433714,3.813584,7.625974,0.484711,-3.401497,2.314128,-8.562107,-1.777179,2.533893,-5.04162,1.00E+20,1.00E+20,1.00E+20
1905,-1.1181,3.138175,-6.101694,3.913307,7.818323,-2.136062,-3.823163,0.779826,-9.494869,-1.692723,2.440527,-5.397158,1.00E+20,1.00E+20,1.00E+20
1906,-0.776123,3.400472,-6.613801,4.271788,7.322257,-0.513334,-4.136804,1.369326,-9.720451,-1.434661,2.530666,-5.088207,1.00E+20,1.00E+20,1.00E+20
1907,-0.546175,4.015483,-5.623871,4.910814,8.796235,1.620346,-4.240423,1.479072,-11.641783,-1.280008,2.98106,-4.825811,1.00E+20,1.00E+20,1.00E+20
1908,-0.361136,4.280487,-5.422314,5.172555,8.907667,1.841843,-4.423804,2.380178,-11.785834,-1.381881,2.910655,-4.589434,1.00E+20,1.00E+20,1.00E+20
1909,-0.07491,4.920247,-4.690125,5.607709,10.602948,2.05148,-4.966964,0.382153,-11.563844,-1.149193,2.936085,-5.106345,1.00E+20,1.00E+20,1.00E+20
1910,0.122979,5.027676,-4.865605,5.771142,10.798953,1.53521,-5.203551,1.168714,-12.478021,-1.100012,3.366114,-4.874803,1.00E+20,1.00E+20,1.00E+20
1911,0.064391,5.142647,-4.752669,5.991161,11.042337,2.016536,-5.353126,1.554636,-13.117934,-0.909973,2.922352,-5.021361,1.00E+20,1.00E+20,1.00E+20
1912,-0.02764,5.391406,-5.312587,6.249245,11.083912,1.805464,-5.674914,1.936332,-13.117678,-1.023,2.902565,-5.488383,1.00E+20,1.00E+20,1.00E+20
1913,-0.683959,5.18653,-6.975104,6.712981,11.767719,1.80334,-6.114488,0.595767,-13.516558,-1.781226,1.888988,-6.596036,1.00E+20,1.00E+20,1.00E+20
1914,-0.812105,5.255338,-6.842838,6.805865,12.486303,-0.725931,-6.459395,0.000139,-14.600197,-1.923831,2.402051,-6.933952,1.00E+20,1.00E+20,1.00E+20
1915,-0.645579,5.019225,-6.462513,7.063854,13.131706,-0.533215,-6.692808,-0.333694,-15.249004,-1.68362,2.758657,-7.07097,1.00E+20,1.00E+20,1.00E+20
1916,-0.238473,5.43917,-5.780279,7.67998,12.638235,1.686569,-6.950653,0.304576,-16.271924,-1.439697,3.664171,-6.380195,1.00E+20,1.00E+20,1.00E+20
1917,0.288264,5.7683,-5.528481,7.857217,12.357492,0.512923,-7.362975,-0.443273,-16.393223,-1.155092,3.323132,-6.079701,1.00E+20,1.00E+20,1.00E+20
1918,0.55928,5.778828,-5.467727,8.459212,13.349579,2.522723,-7.485875,-0.53664,-15.74722,-0.976213,3.74856,-5.925856,1.00E+20,1.00E+20,1.00E+20
1919,0.713756,6.345373,-5.227362,8.733573,13.668448,3.440682,-7.611381,0.307662,-16.367152,-0.738698,3.926334,-5.522128,1.00E+20,1.00E+20,1.00E+20
1920,0.884403,6.623449,-5.47909,8.940681,14.510004,1.778986,-7.913316,-0.18537,-17.313021,-0.760826,4.021995,-5.481758,1.00E+20,1.00E+20,1.00E+20
1921,1.152683,7.293139,-5.37783,9.489516,14.788664,2.378297,-8.243217,-0.029159,-17.805309,-0.763243,3.653858,-5.462521,1.00E+20,1.00E+20,1.00E+20
1922,1.301952,7.4849,-5.127194,10.001347,14.917686,3.392168,-8.464782,-1.26727,-17.598896,-0.941568,3.804633,-6.279424,1.00E+20,1.00E+20,1.00E+20
1923,1.19123,7.582667,-4.768065,10.187506,15.5893,1.258289,-8.634781,-0.208695,-16.219475,-1.021076,3.12619,-6.698522,1.00E+20,1.00E+20,1.00E+20
1924,1.183034,7.959074,-5.08971,10.908527,16.451781,1.739216,-8.812848,-0.80879,-17.14518,-0.850211,3.52772,-6.049127,1.00E+20,1.00E+20,1.00E+20
1925,1.405332,8.203747,-5.19193,11.013682,16.521297,1.663389,-9.096572,-0.747279,-17.691837,-0.585537,3.892038,-5.623422,1.00E+20,1.00E+20,1.00E+20
1926,1.700529,8.344589,-5.203935,11.406978,16.273865,1.649641,-9.501185,0.001415,-18.064683,-0.350674,3.962731,-5.649867,1.00E+20,1.00E+20,1.00E+20
1927,2.086087,8.730771,-4.584233,12.016435,17.798737,2.891136,-9.705821,-0.77274,-19.318788,-0.30726,4.174272,-6.109973,1.00E+20,1.00E+20,1.00E+20
1928,2.390452,9.390725,-4.388168,12.456734,18.104538,3.083709,-9.782884,-1.226711,-19.991097,-0.127952,4.337301,-5.899994,1.00E+20,1.00E+20,1.00E+20
1929,2.352223,8.927671,-4.394894,13.349555,19.364259,6.465935,-10.255654,-1.28232,-21.046219,-0.155274,4.441323,-5.931241,1.00E+20,1.00E+20,1.00E+20
1930,2.443182,9.631748,-4.408409,14.080408,19.146321,6.97713,-10.553106,-2.582407,-21.7174,-0.041069,5.305841,-6.059581,1.00E+20,1.00E+20,1.00E+20
1931,2.693156,10.496672,-4.333197,14.428863,20.204456,6.639988,-10.606982,-1.22049,-21.842182,0.063928,4.76721,-5.535321,1.00E+20,1.00E+20,1.00E+20
1932,2.899131,10.699142,-4.711492,14.558832,20.465622,6.132479,-11.102119,-0.427901,-21.628489,-0.237027,4.569691,-5.738402,1.00E+20,1.00E+20,1.00E+20
1933,3.004719,10.712452,-4.087379,14.877659,21.08108,5.514154,-11.495812,-2.078019,-22.697075,-0.239519,4.838782,-6.572806,1.00E+20,1.00E+20,1.00E+20
1934,3.382012,11.034151,-4.143772,15.069262,21.324479,4.336246,-11.541461,-1.699579,-22.878275,-0.246191,4.601594,-6.218174,1.00E+20,1.00E+20,1.00E+20
1935,3.750667,11.313265,-4.3996,15.408542,21.860642,6.513078,-11.540418,-1.797555,-23.00169,-0.160775,4.382682,-5.977047,1.00E+20,1.00E+20,1.00E+20
1936,4.012297,11.52148,-4.645123,16.031271,22.034185,7.412187,-11.906014,-1.5456,-23.915698,-0.146108,4.622031,-6.658365,1.00E+20,1.00E+20,1.00E+20
1937,4.393313,11.931663,-3.463695,16.463385,22.591955,7.456447,-12.226833,-1.758015,-25.136193,0.053002,5.167396,-6.086735,1.00E+20,1.00E+20,1.00E+20
1938,4.579302,12.15248,-3.544485,17.054781,22.759368,8.578302,-12.555544,-2.290127,-25.198294,0.13314,5.312771,-6.135458,1.00E+20,1.00E+20,1.00E+20
1939,4.81819,12.603714,-3.725538,17.492379,24.255483,9.779233,-12.892934,-3.227948,-25.310613,0.290849,5.443704,-6.026402,1.00E+20,1.00E+20,1.00E+20
1940,4.910413,13.084326,-4.130392,18.054303,24.795376,9.006822,-13.172439,-3.574147,-25.674478,0.396781,5.927273,-6.072271,1.00E+20,1.00E+20,1.00E+20
1941,4.916417,13.138792,-4.204539,18.768491,24.961496,8.11978,-13.55731,-2.99288,-26.395738,0.407266,5.377502,-5.532475,1.00E+20,1.00E+20,1.00E+20
1942,5.11213,13.322859,-4.037403,19.220383,26.007195,8.158934,-13.915268,-3.504572,-26.999302,0.542187,5.605141,-5.938811,1.00E+20,1.00E+20,1.00E+20
1943,5.328698,13.919765,-3.825602,19.791627,28.060277,8.27041,-14.358772,-4.489783,-27.544009,0.489643,5.696075,-6.277224,1.00E+20,1.00E+20,1.00E+20
1944,5.318089,14.162199,-3.669542,20.450469,29.4608,6.827479,-14.671859,-2.766213,-27.927607,0.511546,5.772986,-6.055715,1.00E+20,1.00E+20,1.00E+20
1945,5.284765,14.136113,-3.952041,20.830741,28.929742,9.88244,-15.037477,-4.466875,-27.662242,0.729387,5.805281,-6.344856,1.00E+20,1.00E+20,1.00E+20
1946,5.506893,14.416787,-3.084362,21.343337,28.401976,12.591075,-15.323822,-5.747057,-28.062921,0.910919,6.17244,-5.756761,1.00E+20,1.00E+20,1.00E+20
1947,5.879762,14.762118,-2.956717,21.438405,28.341358,9.983397,-15.573269,-4.828322,-28.444421,0.988638,6.192965,-6.45864,1.00E+20,1.00E+20,1.00E+20
1948,6.069725,15.478365,-3.493952,21.615878,28.672482,11.294906,-15.88534,-4.437484,-29.008353,1.156356,6.543594,-6.187738,1.00E+20,1.00E+20,1.00E+20
1949,6.258779,15.601353,-3.615783,22.14146,29.289619,11.186463,-16.062879,-3.474829,-29.644045,1.536715,6.481741,-5.059678,1.00E+20,1.00E+20,1.00E+20
1950,6.60225,15.665919,-3.654003,22.969799,30.781159,11.935505,-16.431907,-3.345684,-29.775448,1.521815,6.717735,-5.549689,1.00E+20,1.00E+20,1.00E+20
1951,6.770365,15.973028,-3.271749,23.376648,30.857552,12.456231,-16.919393,-4.37671,-30.56132,1.458438,6.453932,-5.271623,1.00E+20,1.00E+20,1.00E+20
1952,6.648355,16.429274,-3.433455,23.517576,30.474672,9.870934,-17.262017,-4.476659,-31.494754,1.598867,7.624506,-5.005165,1.00E+20,1.00E+20,1.00E+20
1953,6.63576,16.611863,-3.234492,24.142299,32.054571,11.257479,-17.448732,-4.405893,-32.059135,1.705505,6.820996,-4.979906,1.00E+20,1.00E+20,1.00E+20
1954,6.638744,16.952996,-3.811308,24.736155,31.852137,13.623347,-18.006505,-4.235324,-32.626324,1.632567,7.632455,-4.679135,1.00E+20,1.00E+20,1.00E+20
1955,6.585729,17.050205,-4.372743,25.205431,32.229598,13.032192,-18.629524,-4.20104,-33.85906,1.617959,6.889454,-4.553775,1.00E+20,1.00E+20,1.00E+20
1956,6.645579,17.462015,-4.335637,25.713514,33.41587,13.763122,-19.327319,-5.150843,-34.977703,1.708386,7.973975,-4.886611,1.00E+20,1.00E+20,1.00E+20
1957,6.983674,18.081593,-4.065106,26.21232,34.136502,13.250936,-19.575217,-5.818558,-35.930428,2.077366,7.21082,-5.462645,1.00E+20,1.00E+20,1.00E+20
1958,7.164422,17.985647,-3.829954,26.756876,34.649237,14.13401,-20.157234,-2.854845,-37.111517,2.356183,7.683583,-4.554691,1.00E+20,1.00E+20,1.00E+20
1959,7.371317,18.171996,-3.950461,27.284764,35.184096,15.081938,-20.938597,-3.137896,-38.212835,2.496318,8.27963,-4.772357,1.00E+20,1.00E+20,1.00E+20
1960,7.472971,18.936829,-4.464278,27.796993,35.517726,15.413795,-21.58285,-4.265074,-39.254508,2.431219,8.80637,-5.598863,1.00E+20,1.00E+20,1.00E+20
1961,7.412553,19.242643,-4.513128,28.485681,36.588362,15.643316,-22.369574,-6.146464,-41.147653,2.653431,8.826387,-3.990892,1.00E+20,1.00E+20,1.00E+20
1962,7.048777,19.287385,-4.823632,29.158403,37.618547,19.132679,-22.920049,-5.550925,-42.319765,2.25363,7.832905,-4.664401,1.00E+20,1.00E+20,1.00E+20
1963,5.858616,18.033895,-6.443247,29.633566,38.568359,16.06078,-23.336188,-4.599348,-43.226587,1.237565,7.262484,-6.528607,1.00E+20,1.00E+20,1.00E+20
1964,3.904892,16.421649,-9.009555,30.186512,38.773612,15.567201,-24.147316,-5.313168,-44.663846,-0.447904,5.837255,-7.933801,1.00E+20,1.00E+20,1.00E+20
1965,3.630224,16.643042,-9.659236,31.05196,40.399622,18.67945,-25.035017,-5.870037,-44.419861,-0.904255,5.392737,-8.35851,1.00E+20,1.00E+20,1.00E+20
1966,3.862083,17.102168,-10.048206,31.902743,41.220706,20.327562,-25.513714,-6.73915,-45.57984,-0.493428,5.33116,-8.271136,1.00E+20,1.00E+20,1.00E+20
1967,3.825571,16.592723,-9.288039,32.523251,41.390887,20.089395,-25.93391,-6.047548,-45.914245,-0.302252,5.762465,-8.084284,1.00E+20,1.00E+20,1.00E+20
1968,3.925816,16.708043,-8.560942,33.014157,41.729268,20.479122,-26.731358,-6.867612,-46.912228,-0.334413,5.547265,-8.116027,1.00E+20,1.00E+20,1.00E+20
1969,4.14313,17.178331,-8.309498,33.90017,42.873264,19.668269,-27.557324,-7.924805,-48.224473,-0.228403,5.171047,-7.221614,1.00E+20,1.00E+20,1.00E+20
1970,4.313485,17.404335,-8.462888,34.586039,43.331979,19.368126,-28.455417,-7.939535,-49.531459,0.093001,5.987879,-7.156737,1.00E+20,1.00E+20,1.00E+20
1971,4.323528,17.915933,-8.683777,35.428976,44.595335,20.980218,-29.157046,-8.450963,-50.853935,0.183856,6.002929,-7.727941,-5.767243,5.45424,-16.988725
1972,4.390701,18.403767,-8.865366,36.3482,45.872263,21.707841,-29.80821,-8.383166,-51.901229,0.232889,5.758588,-7.653736,-4.461905,6.628585,-15.552395
1973,4.633852,18.929774,-8.758768,37.237741,46.248698,22.181883,-30.606926,-7.532269,-53.126583,0.357826,6.419721,-6.871959,-5.252509,6.564326,-17.069345
1974,4.832069,19.612075,-8.896503,38.184828,46.643927,23.526187,-31.305542,-7.427945,-53.366103,0.474805,5.711505,-8.142158,-3.69017,8.717848,-16.098188
1975,4.379764,19.367073,-9.456971,39.016296,47.572225,24.18958,-31.920506,-7.838149,-54.849253,-0.229797,5.410126,-9.886532,-4.029313,8.856717,-16.915342
1976,4.432607,19.772382,-9.539899,39.602983,48.625112,23.327607,-32.619639,-7.459501,-56.189329,-0.42742,5.713836,-9.82638,-1.454291,11.620557,-14.52914
1977,4.827621,19.791041,-9.787587,40.7151,50.436279,24.401472,-33.341623,-7.659394,-56.730666,-0.130763,6.516347,-8.223364,-1.567571,11.004352,-14.139493
1978,5.554916,21.107435,-9.392433,41.908477,51.550108,25.085849,-34.085014,-6.669226,-58.145239,0.174186,6.198799,-8.809668,0.043479,11.593536,-11.506578
1979,6.19432,22.059103,-9.143542,42.985583,53.10089,25.948202,-34.955067,-8.052871,-59.657856,0.416292,7.090177,-8.586106,1.403495,12.630017,-9.823026
1980,6.71424,22.764079,-8.993342,44.073271,55.474098,25.211674,-35.82941,-9.426965,-60.261791,0.595726,7.804735,-7.829465,3.422599,14.645626,-7.800428
1981,7.134859,23.900746,-9.011988,45.509769,56.105894,28.811025,-36.442592,-8.935585,-61.659027,0.487585,7.616244,-7.238943,4.169196,16.040959,-7.702567
1982,7.470863,24.555575,-8.860469,46.917953,57.630872,28.422536,-37.111428,-11.244292,-63.128726,0.233036,6.963461,-7.767952,2.465457,14.059716,-9.128802
1983,7.068995,24.654663,-9.544177,47.997826,58.944884,28.747511,-37.669092,-10.9265,-63.694602,-0.566831,6.948348,-8.827888,1.150022,12.243982,-9.943938
1984,7.067818,24.940552,-9.571424,48.787439,59.580681,28.036268,-38.331836,-10.61997,-64.591358,-0.870768,6.196791,-9.392457,0.821246,11.708543,-10.066051
1985,7.550317,25.024591,-8.995613,50.152421,60.644554,28.900891,-39.067096,-11.658679,-66.838762,-0.740146,7.261971,-9.569466,2.388556,12.884459,-8.107347
1986,7.975483,25.593537,-8.849562,51.677412,62.108691,34.387461,-39.839964,-12.09011,-67.190078,-0.908121,7.644204,-10.599015,3.517682,13.424417,-6.389054
1987,8.532252,26.862952,-8.322446,53.017975,63.879903,33.010925,-40.399661,-10.749769,-67.563832,-0.777774,7.804655,-10.036632,6.474294,16.013789,-3.065201
1988,9.289586,28.018009,-7.75972,54.446376,65.596743,33.682736,-40.977899,-12.257267,-69.550915,-0.476053,7.439378,-10.324906,8.19489,17.83556,-1.44578
1989,10.221665,29.185094,-6.714738,55.756403,66.231029,35.429178,-41.754524,-13.803038,-71.557962,-0.393772,6.91132,-10.86977,9.985848,19.206823,0.764873
1990,11.166579,30.550273,-5.246326,57.093538,67.980682,34.305546,-42.653964,-12.630049,-72.816276,-0.13943,7.131534,-11.198262,10.13799,18.501404,1.774576
1991,11.638581,31.715778,-5.269933,58.725882,69.978145,36.883923,-43.104524,-13.394367,-73.160859,-0.058938,6.972762,-10.725462,8.884619,16.060495,1.708743
1992,9.357167,29.738881,-8.724737,60.44519,71.642714,39.368667,-43.833382,-14.96187,-73.224591,-2.635026,4.66267,-11.609944,8.859403,15.095815,2.622992
1993,8.63784,28.83129,-10.014123,62.005474,73.251105,39.690725,-44.736299,-16.05734,-73.992771,-3.918374,4.051873,-13.687558,9.04794,14.883598,3.212282
1994,9.4097,29.695443,-9.002142,63.302414,74.737388,39.96999,-45.371441,-16.93465,-74.699177,-3.884119,4.13464,-14.919179,9.779517,15.675788,3.883246
1995,10.874383,31.38813,-7.020017,64.855919,76.889544,43.338343,-45.696678,-17.924937,-75.438643,-3.585902,3.790812,-14.33742,11.467979,17.649363,5.286594
1996,12.122307,32.981447,-5.601251,66.34482,78.739065,44.026055,-46.484797,-18.00309,-76.367299,-3.193914,4.481695,-12.969385,12.746445,19.12838,6.364511
1997,13.338818,34.615725,-4.061844,67.641682,80.238478,44.474933,-47.211358,-18.214457,-77.109334,-2.70824,4.84568,-13.557885,12.627006,18.784836,6.469176
1998,14.584575,36.559579,-2.48653,69.3295,82.127636,46.344412,-47.852172,-18.086881,-77.796349,-2.479264,4.903372,-13.045153,11.587691,17.830675,5.344706
1999,16.025928,38.120978,-1.772801,71.115137,83.777791,48.971919,-48.264546,-17.06925,-78.934025,-2.206889,4.513046,-11.661281,11.896675,18.896412,4.896938
2000,17.511383,39.851128,-0.538465,72.596727,85.531015,47.361341,-48.664059,-17.898374,-79.719509,-1.9843,4.732899,-11.092422,13.252896,22.489287,4.016505
2001,18.859288,41.297058,1.057774,74.208424,87.538226,48.975951,-49.300818,-20.058176,-79.831012,-1.758517,4.692021,-11.373546,16.712136,26.207447,7.216825
2002,20.051586,42.873505,2.226727,75.772373,89.714957,50.427752,-50.026747,-21.183137,-81.023645,-1.625675,5.49381,-12.070583,18.924447,28.011718,9.837175
2003,21.148393,44.861667,3.454441,77.439243,91.290366,49.765913,-50.5575,-20.563096,-81.843002,-1.349208,5.440399,-11.827925,22.293668,28.917905,15.669431
2004,22.461803,46.258334,5.453336,79.107113,93.20719,51.563592,-51.02039,-21.468451,-81.770777,-1.141589,6.443232,-12.033848,23.007756,29.150875,16.864636
2005,23.514699,47.283074,6.904786,80.351928,94.854965,52.835703,-51.438905,-20.331173,-82.182235,-1.167379,6.286848,-12.320893,24.312246,30.237789,18.386702
2006,24.524529,48.931507,7.159382,81.889359,96.969009,54.805034,-52.074554,-21.170633,-82.308023,-0.86208,6.463617,-11.982101,25.015908,30.948166,19.08365
2007,25.392799,50.174658,7.961044,83.193189,98.591937,55.277554,-52.390825,-22.647252,-82.622865,-0.589907,6.589337,-10.692607,26.691241,32.611981,20.770501
2008,26.529561,51.698911,9.012377,84.819358,100.63851,55.82241,-52.749068,-24.225202,-83.03996,-0.637828,6.897611,-11.135437,28.212941,34.187154,22.238728
2009,27.598472,53.361016,9.733942,86.809859,102.801388,59.613157,-53.194294,-22.64911,-83.890133,-0.853805,6.96009,-11.822096,29.472687,35.401993,23.543381
2010,28.94923,55.265826,10.780301,88.640851,104.794193,61.206865,-53.741351,-22.134639,-84.723279,-0.851253,6.534083,-11.52707,30.319053,36.293015,24.345092
2011,30.336461,57.204746,12.115488,90.355596,106.956298,60.123705,-54.150886,-22.879582,-85.218099,-1.040901,6.282817,-11.850787,31.340926,37.43817,25.243683
2012,31.790711,59.195529,13.573704,92.171338,109.036277,60.672705,-54.328493,-22.29238,-85.067665,-0.844779,6.469494,-11.519649,33.13509,39.423012,26.847169
2013,33.383978,61.222755,15.313939,94.075731,110.841848,63.666049,-54.676946,-20.797134,-84.965159,-0.489116,5.751789,-10.592364,34.64812,40.973067,28.323172
2014,35.063981,63.050051,17.041133,95.854598,112.681616,66.132001,-55.12671,-21.47678,-84.914866,-0.400725,5.927439,-10.785493,36.397975,42.774699,30.02125
2015,1.00E+20,1.00E+20,1.00E+20,1.00E+20,1.00E+20,1.00E+20,1.00E+20,1.00E+20,1.00E+20,1.00E+20,1.00E+20,1.00E+20,37.542775,44.085478,31.000071
2016,1.00E+20,1.00E+20,1.00E+20,1.00E+20,1.00E+20,1.00E+20,1.00E+20,1.00E+20,1.00E+20,1.00E+20,1.00E+20,1.00E+20,39.264788,46.018104,32.511471
2017,1.00E+20,1.00E+20,1.00E+20,1.00E+20,1.00E+20,1.00E+20,1.00E+20,1.00E+20,1.00E+20,1.00E+20,1.00E+20,1.00E+20,39.859516,46.592415,33.126617
2018,1.00E+20,1.00E+20,1.00E+20,1.00E+20,1.00E+20,1.00E+20,1.00E+20,1.00E+20,1.00E+20,1.00E+20,1.00E+20,1.00E+20,41.747466,48.685933,34.808999
 end_data,,,,,,,,,,,,,,,
